student,title,type,status,final score
advisorj,T07D10,INDIVIDUAL,FAILED,0
almedace,T07D10,INDIVIDUAL,FAILED,0
amadagra,T07D10,INDIVIDUAL,FAILED,0
amandaci,T07D10,INDIVIDUAL,FAILED,0
anyamode,T07D10,INDIVIDUAL,IN_REVIEWS,None
arethari,T07D10,INDIVIDUAL,FAILED,0
artieulr,T07D10,INDIVIDUAL,IN_REVIEWS,None
auradaba,T07D10,INDIVIDUAL,FAILED,0
baileyre,T07D10,INDIVIDUAL,FAILED,0
balonchr,T07D10,INDIVIDUAL,FAILED,0
balonsno,T07D10,INDIVIDUAL,FAILED,0
bantamko,T07D10,INDIVIDUAL,IN_REVIEWS,None
barbrawu,T07D10,INDIVIDUAL,FAILED,0
bethelgr,T07D10,INDIVIDUAL,IN_REVIEWS,None
billysan,T07D10,INDIVIDUAL,FAILED,0
bornpatr,T07D10,INDIVIDUAL,FAILED,0
brentonc,T07D10,INDIVIDUAL,IN_REVIEWS,None
brucetoy,T07D10,INDIVIDUAL,FAILED,0
brunavan,T07D10,INDIVIDUAL,FAILED,0
caitdumb,T07D10,INDIVIDUAL,FAILED,0
caladanl,T07D10,INDIVIDUAL,FAILED,0
careymis,T07D10,INDIVIDUAL,IN_REVIEWS,None
caswelld,T07D10,INDIVIDUAL,FAILED,0
caswellq,T07D10,INDIVIDUAL,ACCEPTED,88
celsafer,T07D10,INDIVIDUAL,IN_REVIEWS,None
chesthil,T07D10,INDIVIDUAL,IN_REVIEWS,None
chestshr,T07D10,INDIVIDUAL,IN_REVIEWS,None
cindiese,T07D10,INDIVIDUAL,FAILED,0
cotterge,T07D10,INDIVIDUAL,FAILED,0
crowbrya,T07D10,INDIVIDUAL,IN_REVIEWS,None
cumquatl,T07D10,INDIVIDUAL,FAILED,0
cyrusgar,T07D10,INDIVIDUAL,FAILED,0
darcytaj,T07D10,INDIVIDUAL,FAILED,0
daynasar,T07D10,INDIVIDUAL,FAILED,0
deodatth,T07D10,INDIVIDUAL,FAILED,0
desperop,T07D10,INDIVIDUAL,FAILED,0
dhansakp,T07D10,INDIVIDUAL,FAILED,0
dianeevi,T07D10,INDIVIDUAL,ACCEPTED,59
diedraje,T07D10,INDIVIDUAL,FAILED,0
diedrero,T07D10,INDIVIDUAL,FAILED,0
dorrisst,T07D10,INDIVIDUAL,FAILED,0
effietif,T07D10,INDIVIDUAL,FAILED,0
eladiare,T07D10,INDIVIDUAL,IN_REVIEWS,None
elannama,T07D10,INDIVIDUAL,FAILED,0
elijahth,T07D10,INDIVIDUAL,FAILED,0
ellabaie,T07D10,INDIVIDUAL,FAILED,0
elliottd,T07D10,INDIVIDUAL,IN_REVIEWS,None
enokiatk,T07D10,INDIVIDUAL,FAILED,0
erenacla,T07D10,INDIVIDUAL,FAILED,0
essieale,T07D10,INDIVIDUAL,FAILED,0
ethicalc,T07D10,INDIVIDUAL,FAILED,0
eulaurro,T07D10,INDIVIDUAL,FAILED,0
evenstar,T07D10,INDIVIDUAL,FAILED,0
farrahro,T07D10,INDIVIDUAL,FAILED,0
fenrircr,T07D10,INDIVIDUAL,FAILED,0
flammezo,T07D10,INDIVIDUAL,FAILED,0
fletamal,T07D10,INDIVIDUAL,FAILED,0
frynneli,T07D10,INDIVIDUAL,IN_REVIEWS,None
galinagl,T07D10,INDIVIDUAL,IN_REVIEWS,None
gauntter,T07D10,INDIVIDUAL,FAILED,0
geroldke,T07D10,INDIVIDUAL,FAILED,0
gerstens,T07D10,INDIVIDUAL,FAILED,0
gladisde,T07D10,INDIVIDUAL,IN_REVIEWS,None
gruntinf,T07D10,INDIVIDUAL,FAILED,0
haywardt,T07D10,INDIVIDUAL,FAILED,0
hilaryle,T07D10,INDIVIDUAL,IN_REVIEWS,None
hothoreg,T07D10,INDIVIDUAL,IN_REVIEWS,None
howdjese,T07D10,INDIVIDUAL,FAILED,0
ibleelec,T07D10,INDIVIDUAL,IN_REVIEWS,None
illaoiar,T07D10,INDIVIDUAL,FAILED,0
isaacshe,T07D10,INDIVIDUAL,FAILED,0
jamissaf,T07D10,INDIVIDUAL,IN_REVIEWS,None
jasperal,T07D10,INDIVIDUAL,FAILED,0
jeramymi,T07D10,INDIVIDUAL,FAILED,0
joanacla,T07D10,INDIVIDUAL,FAILED,0
johnnyge,T07D10,INDIVIDUAL,FAILED,0
johnsien,T07D10,INDIVIDUAL,FAILED,0
jothskin,T07D10,INDIVIDUAL,FAILED,0
jovansha,T07D10,INDIVIDUAL,ACCEPTED,64
judicarm,T07D10,INDIVIDUAL,FAILED,0
kaciemag,T07D10,INDIVIDUAL,FAILED,0
kafkanor,T07D10,INDIVIDUAL,IN_REVIEWS,None
karinwin,T07D10,INDIVIDUAL,FAILED,0
kelleeta,T07D10,INDIVIDUAL,IN_REVIEWS,None
keytarni,T07D10,INDIVIDUAL,FAILED,0
kitschel,T07D10,INDIVIDUAL,IN_REVIEWS,None
kramerpe,T07D10,INDIVIDUAL,IN_REVIEWS,None
kriskath,T07D10,INDIVIDUAL,FAILED,0
laciedel,T07D10,INDIVIDUAL,FAILED,0
lacyshin,T07D10,INDIVIDUAL,FAILED,0
ladderpe,T07D10,INDIVIDUAL,IN_REVIEWS,None
lainepab,T07D10,INDIVIDUAL,FAILED,0
lainepro,T07D10,INDIVIDUAL,IN_REVIEWS,None
lalakrys,T07D10,INDIVIDUAL,FAILED,0
lannithe,T07D10,INDIVIDUAL,FAILED,0
largomor,T07D10,INDIVIDUAL,IN_REVIEWS,None
likttrad,T07D10,INDIVIDUAL,FAILED,0
lomokraz,T07D10,INDIVIDUAL,FAILED,0
lonnalar,T07D10,INDIVIDUAL,FAILED,0
lopeshig,T07D10,INDIVIDUAL,FAILED,0
lordarde,T07D10,INDIVIDUAL,FAILED,0
loreanko,T07D10,INDIVIDUAL,IN_REVIEWS,None
loreleir,T07D10,INDIVIDUAL,IN_REVIEWS,None
luthorsh,T07D10,INDIVIDUAL,IN_REVIEWS,None
magdacer,T07D10,INDIVIDUAL,FAILED,0
mahialmo,T07D10,INDIVIDUAL,IN_REVIEWS,None
malleonc,T07D10,INDIVIDUAL,IN_REVIEWS,None
mandakar,T07D10,INDIVIDUAL,FAILED,0
marquisd,T07D10,INDIVIDUAL,IN_REVIEWS,None
mashacar,T07D10,INDIVIDUAL,IN_REVIEWS,None
matchpar,T07D10,INDIVIDUAL,FAILED,0
matildae,T07D10,INDIVIDUAL,FAILED,0
maulange,T07D10,INDIVIDUAL,FAILED,0
mellieja,T07D10,INDIVIDUAL,FAILED,0
millydav,T07D10,INDIVIDUAL,FAILED,0
minellar,T07D10,INDIVIDUAL,FAILED,0
missmath,T07D10,INDIVIDUAL,FAILED,0
mollensh,T07D10,INDIVIDUAL,FAILED,0
mormontl,T07D10,INDIVIDUAL,FAILED,0
muckstri,T07D10,INDIVIDUAL,FAILED,0
mudcraby,T07D10,INDIVIDUAL,FAILED,0
nailsmar,T07D10,INDIVIDUAL,IN_REVIEWS,None
naomanub,T07D10,INDIVIDUAL,IN_REVIEWS,None
ninfasee,T07D10,INDIVIDUAL,FAILED,0
nonastar,T07D10,INDIVIDUAL,IN_REVIEWS,None
nonawait,T07D10,INDIVIDUAL,FAILED,0
norreyma,T07D10,INDIVIDUAL,IN_REVIEWS,None
okraeuni,T07D10,INDIVIDUAL,FAILED,0
opalreel,T07D10,INDIVIDUAL,FAILED,0
orionmet,T07D10,INDIVIDUAL,IN_REVIEWS,None
parvatir,T07D10,INDIVIDUAL,FAILED,0
pearliec,T07D10,INDIVIDUAL,FAILED,0
pepitasl,T07D10,INDIVIDUAL,FAILED,0
qarlforn,T07D10,INDIVIDUAL,FAILED,0
ramsaydr,T07D10,INDIVIDUAL,FAILED,0
raymondk,T07D10,INDIVIDUAL,ACCEPTED,85
reathabo,T07D10,INDIVIDUAL,FAILED,0
rendadew,T07D10,INDIVIDUAL,FAILED,0
richtyre,T07D10,INDIVIDUAL,ACCEPTED,79
rinkofle,T07D10,INDIVIDUAL,FAILED,0
rockypot,T07D10,INDIVIDUAL,FAILED,0
rogantom,T07D10,INDIVIDUAL,IN_REVIEWS,None
rosaural,T07D10,INDIVIDUAL,FAILED,0
salazarc,T07D10,INDIVIDUAL,IN_REVIEWS,None
salviagl,T07D10,INDIVIDUAL,FAILED,0
scheinsh,T07D10,INDIVIDUAL,FAILED,0
seastarn,T07D10,INDIVIDUAL,FAILED,0
selmypai,T07D10,INDIVIDUAL,FAILED,0
semeleem,T07D10,INDIVIDUAL,FAILED,0
sharladi,T07D10,INDIVIDUAL,FAILED,0
shawnnag,T07D10,INDIVIDUAL,FAILED,0
shenrodu,T07D10,INDIVIDUAL,FAILED,0
shettdee,T07D10,INDIVIDUAL,FAILED,0
solegraz,T07D10,INDIVIDUAL,IN_REVIEWS,None
staceeca,T07D10,INDIVIDUAL,IN_REVIEWS,None
steelyow,T07D10,INDIVIDUAL,FAILED,0
sundaehi,T07D10,INDIVIDUAL,FAILED,0
tamekath,T07D10,INDIVIDUAL,FAILED,0
templema,T07D10,INDIVIDUAL,ACCEPTED,60
tendantc,T07D10,INDIVIDUAL,FAILED,0
terralip,T07D10,INDIVIDUAL,FAILED,0
tesskyok,T07D10,INDIVIDUAL,FAILED,0
tiesemoo,T07D10,INDIVIDUAL,IN_REVIEWS,None
tolletth,T07D10,INDIVIDUAL,FAILED,0
tucodaug,T07D10,INDIVIDUAL,IN_REVIEWS,None
tweakcri,T07D10,INDIVIDUAL,FAILED,0
veigarde,T07D10,INDIVIDUAL,IN_REVIEWS,None
vinniegr,T07D10,INDIVIDUAL,FAILED,0
virgenst,T07D10,INDIVIDUAL,FAILED,0
vixenpro,T07D10,INDIVIDUAL,IN_REVIEWS,None
watersri,T07D10,INDIVIDUAL,ACCEPTED,87
wendyken,T07D10,INDIVIDUAL,FAILED,0
xerathma,T07D10,INDIVIDUAL,IN_REVIEWS,None
yuunacad,T07D10,INDIVIDUAL,FAILED,0
yuunaela,T07D10,INDIVIDUAL,FAILED,0
adrienla,T07D10,INDIVIDUAL,IN_REVIEWS,None
aemongli,T07D10,INDIVIDUAL,FAILED,0
albinali,T07D10,INDIVIDUAL,IN_REVIEWS,None
alexiaki,T07D10,INDIVIDUAL,FAILED,0
amymoneg,T07D10,INDIVIDUAL,IN_REVIEWS,None
aprilkiz,T07D10,INDIVIDUAL,ACCEPTED,79
ardellaa,T07D10,INDIVIDUAL,FAILED,0
arlettaw,T07D10,INDIVIDUAL,IN_REVIEWS,None
arneldlo,T07D10,INDIVIDUAL,FAILED,0
arnitaho,T07D10,INDIVIDUAL,IN_REVIEWS,None
arwenhel,T07D10,INDIVIDUAL,FAILED,0
auroreex,T07D10,INDIVIDUAL,FAILED,0
avengerm,T07D10,INDIVIDUAL,FAILED,0
azzielan,T07D10,INDIVIDUAL,FAILED,0
bandybry,T07D10,INDIVIDUAL,FAILED,0
barbracr,T07D10,INDIVIDUAL,FAILED,0
bellyreg,T07D10,INDIVIDUAL,FAILED,0
billietr,T07D10,INDIVIDUAL,FAILED,0
billywil,T07D10,INDIVIDUAL,FAILED,0
blaisele,T07D10,INDIVIDUAL,FAILED,0
borvojor,T07D10,INDIVIDUAL,FAILED,0
bradbigg,T07D10,INDIVIDUAL,IN_REVIEWS,None
breamblo,T07D10,INDIVIDUAL,IN_REVIEWS,None
broggcas,T07D10,INDIVIDUAL,IN_REVIEWS,None
capersel,T07D10,INDIVIDUAL,FAILED,0
carlysea,T07D10,INDIVIDUAL,FAILED,0
carmelal,T07D10,INDIVIDUAL,FAILED,0
casieigg,T07D10,INDIVIDUAL,IN_REVIEWS,None
casseydo,T07D10,INDIVIDUAL,IN_REVIEWS,None
chadzula,T07D10,INDIVIDUAL,ACCEPTED,80
chuckalf,T07D10,INDIVIDUAL,FAILED,0
clockver,T07D10,INDIVIDUAL,FAILED,0
collioqy,T07D10,INDIVIDUAL,FAILED,0
crackedc,T07D10,INDIVIDUAL,FAILED,0
dagmarja,T07D10,INDIVIDUAL,FAILED,0
dagnybea,T07D10,INDIVIDUAL,FAILED,0
dareonhe,T07D10,INDIVIDUAL,FAILED,0
darialif,T07D10,INDIVIDUAL,FAILED,0
delilagl,T07D10,INDIVIDUAL,IN_REVIEWS,None
dexterla,T07D10,INDIVIDUAL,IN_REVIEWS,None
dhazzarn,T07D10,INDIVIDUAL,IN_REVIEWS,None
dodieozz,T07D10,INDIVIDUAL,FAILED,0
dolliema,T07D10,INDIVIDUAL,IN_REVIEWS,None
donaldwi,T07D10,INDIVIDUAL,FAILED,0
dwightgr,T07D10,INDIVIDUAL,FAILED,0
eddawhit,T07D10,INDIVIDUAL,FAILED,0
elkelync,T07D10,INDIVIDUAL,FAILED,0
elletand,T07D10,INDIVIDUAL,FAILED,0
faliakyl,T07D10,INDIVIDUAL,FAILED,0
farlenpe,T07D10,INDIVIDUAL,IN_REVIEWS,None
feijoaru,T07D10,INDIVIDUAL,FAILED,0
fenixfre,T07D10,INDIVIDUAL,FAILED,0
fetamimi,T07D10,INDIVIDUAL,FAILED,0
fisherha,T07D10,INDIVIDUAL,FAILED,0
flannelf,T07D10,INDIVIDUAL,FAILED,0
forthlas,T07D10,INDIVIDUAL,FAILED,0
gagethem,T07D10,INDIVIDUAL,IN_REVIEWS,None
genjifal,T07D10,INDIVIDUAL,IN_REVIEWS,None
gilwoode,T07D10,INDIVIDUAL,FAILED,0
gladyspa,T07D10,INDIVIDUAL,FAILED,0
gojireel,T07D10,INDIVIDUAL,FAILED,0
goldeene,T07D10,INDIVIDUAL,FAILED,0
gungance,T07D10,INDIVIDUAL,IN_REVIEWS,None
haldercy,T07D10,INDIVIDUAL,IN_REVIEWS,None
harclayl,T07D10,INDIVIDUAL,FAILED,0
harragbe,T07D10,INDIVIDUAL,FAILED,0
harwoodd,T07D10,INDIVIDUAL,IN_REVIEWS,None
hedygaly,T07D10,INDIVIDUAL,FAILED,0
hungsher,T07D10,INDIVIDUAL,FAILED,0
ilynfitz,T07D10,INDIVIDUAL,FAILED,0
imogenek,T07D10,INDIVIDUAL,FAILED,0
jamisonr,T07D10,INDIVIDUAL,FAILED,0
janessav,T07D10,INDIVIDUAL,FAILED,0
jaymeoda,T07D10,INDIVIDUAL,FAILED,0
jeannaha,T07D10,INDIVIDUAL,ACCEPTED,59
jennellb,T07D10,INDIVIDUAL,FAILED,0
jeorsoli,T07D10,INDIVIDUAL,FAILED,0
jesslawa,T07D10,INDIVIDUAL,FAILED,0
jinnjadz,T07D10,INDIVIDUAL,IN_REVIEWS,None
joannear,T07D10,INDIVIDUAL,FAILED,0
johanath,T07D10,INDIVIDUAL,FAILED,0
jungbran,T07D10,INDIVIDUAL,IN_REVIEWS,None
juniperd,T07D10,INDIVIDUAL,IN_REVIEWS,None
justinac,T07D10,INDIVIDUAL,IN_REVIEWS,None
kariefan,T07D10,INDIVIDUAL,IN_REVIEWS,None
karitick,T07D10,INDIVIDUAL,IN_REVIEWS,None
katijose,T07D10,INDIVIDUAL,IN_REVIEWS,None
kerstinb,T07D10,INDIVIDUAL,FAILED,0
khankeri,T07D10,INDIVIDUAL,FAILED,0
khaylama,T07D10,INDIVIDUAL,FAILED,0
kilidied,T07D10,INDIVIDUAL,FAILED,0
knapprit,T07D10,INDIVIDUAL,IN_REVIEWS,None
krexsant,T07D10,INDIVIDUAL,FAILED,0
kristana,T07D10,INDIVIDUAL,IN_REVIEWS,None
langgilf,T07D10,INDIVIDUAL,FAILED,0
lashonsa,T07D10,INDIVIDUAL,IN_REVIEWS,None
laynehoo,T07D10,INDIVIDUAL,FAILED,0
lindsypi,T07D10,INDIVIDUAL,FAILED,0
linettew,T07D10,INDIVIDUAL,FAILED,0
littlean,T07D10,INDIVIDUAL,FAILED,0
lorenzox,T07D10,INDIVIDUAL,FAILED,0
loriahal,T07D10,INDIVIDUAL,FAILED,0
louiejor,T07D10,INDIVIDUAL,IN_REVIEWS,None
lourabet,T07D10,INDIVIDUAL,FAILED,0
lubakase,T07D10,INDIVIDUAL,FAILED,0
luciewyn,T07D10,INDIVIDUAL,FAILED,0
lyjabruc,T07D10,INDIVIDUAL,FAILED,0
lymancug,T07D10,INDIVIDUAL,FAILED,0
maguspun,T07D10,INDIVIDUAL,ACCEPTED,48
mallusok,T07D10,INDIVIDUAL,FAILED,0
marquisf,T07D10,INDIVIDUAL,FAILED,0
masseyno,T07D10,INDIVIDUAL,FAILED,0
maudiear,T07D10,INDIVIDUAL,IN_REVIEWS,None
maurolua,T07D10,INDIVIDUAL,FAILED,0
merceran,T07D10,INDIVIDUAL,IN_REVIEWS,None
merriehe,T07D10,INDIVIDUAL,ACCEPTED,89
mezzaras,T07D10,INDIVIDUAL,FAILED,0
mikeland,T07D10,INDIVIDUAL,FAILED,0
millansl,T07D10,INDIVIDUAL,FAILED,0
minellaq,T07D10,INDIVIDUAL,IN_REVIEWS,None
mintaale,T07D10,INDIVIDUAL,FAILED,0
mundagoo,T07D10,INDIVIDUAL,FAILED,0
naerysem,T07D10,INDIVIDUAL,FAILED,0
nollapre,T07D10,INDIVIDUAL,FAILED,0
odenmjol,T07D10,INDIVIDUAL,IN_REVIEWS,None
olyvarca,T07D10,INDIVIDUAL,IN_REVIEWS,None
oureadag,T07D10,INDIVIDUAL,ACCEPTED,74
patrekso,T07D10,INDIVIDUAL,FAILED,0
patricea,T07D10,INDIVIDUAL,FAILED,0
pohlbent,T07D10,INDIVIDUAL,IN_REVIEWS,None
poolejun,T07D10,INDIVIDUAL,FAILED,0
postbell,T07D10,INDIVIDUAL,FAILED,0
powerspo,T07D10,INDIVIDUAL,IN_REVIEWS,None
pressedm,T07D10,INDIVIDUAL,FAILED,0
rafaelno,T07D10,INDIVIDUAL,IN_REVIEWS,None
riddlerd,T07D10,INDIVIDUAL,FAILED,0
rodgerwi,T07D10,INDIVIDUAL,FAILED,0
ronnyphy,T07D10,INDIVIDUAL,FAILED,0
roryeste,T07D10,INDIVIDUAL,FAILED,0
rosalvat,T07D10,INDIVIDUAL,IN_REVIEWS,None
rosellag,T07D10,INDIVIDUAL,FAILED,0
rudderju,T07D10,INDIVIDUAL,FAILED,0
rudyruss,T07D10,INDIVIDUAL,IN_REVIEWS,None
selinast,T07D10,INDIVIDUAL,FAILED,0
shainadi,T07D10,INDIVIDUAL,FAILED,0
shanekae,T07D10,INDIVIDUAL,FAILED,0
slyntgiz,T07D10,INDIVIDUAL,FAILED,0
spockvic,T07D10,INDIVIDUAL,IN_REVIEWS,None
spykeves,T07D10,INDIVIDUAL,IN_REVIEWS,None
staceybu,T07D10,INDIVIDUAL,FAILED,0
stewfurt,T07D10,INDIVIDUAL,ACCEPTED,83
stooparn,T07D10,INDIVIDUAL,IN_REVIEWS,None
stoopsam,T07D10,INDIVIDUAL,ACCEPTED,88
swarmber,T07D10,INDIVIDUAL,IN_REVIEWS,None
tamekati,T07D10,INDIVIDUAL,FAILED,0
tannerke,T07D10,INDIVIDUAL,FAILED,0
texankar,T07D10,INDIVIDUAL,FAILED,0
texannor,T07D10,INDIVIDUAL,IN_REVIEWS,None
toffeeba,T07D10,INDIVIDUAL,IN_REVIEWS,None
tommiema,T07D10,INDIVIDUAL,FAILED,0
tresaemr,T07D10,INDIVIDUAL,FAILED,0
ullervin,T07D10,INDIVIDUAL,IN_REVIEWS,None
ultrazam,T07D10,INDIVIDUAL,FAILED,0
varamyrm,T07D10,INDIVIDUAL,FAILED,0
vedamalk,T07D10,INDIVIDUAL,FAILED,0
venmohot,T07D10,INDIVIDUAL,FAILED,0
wilforda,T07D10,INDIVIDUAL,IN_REVIEWS,None
winsomkr,T07D10,INDIVIDUAL,FAILED,0
yandryme,T07D10,INDIVIDUAL,FAILED,0
yatesree,T07D10,INDIVIDUAL,FAILED,0
yokoeffu,T07D10,INDIVIDUAL,FAILED,0
yonnmoll,T07D10,INDIVIDUAL,IN_REVIEWS,None
yorenmur,T07D10,INDIVIDUAL,FAILED,0
zadaayan,T07D10,INDIVIDUAL,FAILED,0
aileenqi,T07D10,INDIVIDUAL,FAILED,0
alestera,T07D10,INDIVIDUAL,FAILED,0
andrikfu,T07D10,INDIVIDUAL,IN_REVIEWS,None
aniseedp,T07D10,INDIVIDUAL,IN_REVIEWS,None
annettab,T07D10,INDIVIDUAL,IN_REVIEWS,None
annikagy,T07D10,INDIVIDUAL,FAILED,0
assuntaw,T07D10,INDIVIDUAL,FAILED,0
avengerd,T07D10,INDIVIDUAL,IN_REVIEWS,None
azariyac,T07D10,INDIVIDUAL,FAILED,0
azziemor,T07D10,INDIVIDUAL,FAILED,0
babudeet,T07D10,INDIVIDUAL,FAILED,0
bennette,T07D10,INDIVIDUAL,FAILED,18
bertbria,T07D10,INDIVIDUAL,IN_REVIEWS,None
bishopni,T07D10,INDIVIDUAL,FAILED,0
boothmil,T07D10,INDIVIDUAL,FAILED,0
boycetor,T07D10,INDIVIDUAL,FAILED,0
bradlych,T07D10,INDIVIDUAL,FAILED,0
briancom,T07D10,INDIVIDUAL,IN_REVIEWS,None
brunchme,T07D10,INDIVIDUAL,FAILED,0
bugghanc,T07D10,INDIVIDUAL,FAILED,0
byrchail,T07D10,INDIVIDUAL,IN_REVIEWS,None
caeneusf,T07D10,INDIVIDUAL,IN_REVIEWS,None
carrolsu,T07D10,INDIVIDUAL,IN_REVIEWS,None
chantayz,T07D10,INDIVIDUAL,IN_REVIEWS,None
charlynm,T07D10,INDIVIDUAL,FAILED,0
cheddara,T07D10,INDIVIDUAL,FAILED,0
cherehaw,T07D10,INDIVIDUAL,FAILED,0
chipgoos,T07D10,INDIVIDUAL,IN_REVIEWS,None
clowndea,T07D10,INDIVIDUAL,FAILED,0
clymeneh,T07D10,INDIVIDUAL,FAILED,0
colinmar,T07D10,INDIVIDUAL,IN_REVIEWS,None
corrined,T07D10,INDIVIDUAL,FAILED,0
cotterbr,T07D10,INDIVIDUAL,IN_REVIEWS,None
creambri,T07D10,INDIVIDUAL,IN_REVIEWS,None
daxoslis,T07D10,INDIVIDUAL,FAILED,0
daylelil,T07D10,INDIVIDUAL,FAILED,0
delenate,T07D10,INDIVIDUAL,FAILED,0
denimjud,T07D10,INDIVIDUAL,FAILED,0
dignasab,T07D10,INDIVIDUAL,FAILED,0
dinashem,T07D10,INDIVIDUAL,IN_REVIEWS,None
dingleak,T07D10,INDIVIDUAL,FAILED,0
dogeadar,T07D10,INDIVIDUAL,FAILED,0
dollarty,T07D10,INDIVIDUAL,IN_REVIEWS,None
drowzeev,T07D10,INDIVIDUAL,IN_REVIEWS,None
duffmanv,T07D10,INDIVIDUAL,FAILED,0
edwinama,T07D10,INDIVIDUAL,FAILED,0
ellanman,T07D10,INDIVIDUAL,FAILED,0
elphiasb,T07D10,INDIVIDUAL,IN_REVIEWS,None
emeraldb,T07D10,INDIVIDUAL,FAILED,0
emeraldm,T07D10,INDIVIDUAL,IN_REVIEWS,None
eulabrad,T07D10,INDIVIDUAL,IN_REVIEWS,None
falmerle,T07D10,INDIVIDUAL,IN_REVIEWS,None
forelecc,T07D10,INDIVIDUAL,FAILED,0
franzend,T07D10,INDIVIDUAL,FAILED,0
frenyale,T07D10,INDIVIDUAL,FAILED,0
fromagep,T07D10,INDIVIDUAL,ACCEPTED,71
garlicgo,T07D10,INDIVIDUAL,IN_REVIEWS,None
gayteboo,T07D10,INDIVIDUAL,FAILED,0
gerdurig,T07D10,INDIVIDUAL,IN_REVIEWS,None
ginojenn,T07D10,INDIVIDUAL,IN_REVIEWS,None
gladyjar,T07D10,INDIVIDUAL,FAILED,0
gorghant,T07D10,INDIVIDUAL,FAILED,0
gragaskr,T07D10,INDIVIDUAL,FAILED,0
grandpaw,T07D10,INDIVIDUAL,IN_REVIEWS,None
greedoma,T07D10,INDIVIDUAL,FAILED,0
gruyeres,T07D10,INDIVIDUAL,FAILED,0
gulumhiy,T07D10,INDIVIDUAL,FAILED,0
havenosb,T07D10,INDIVIDUAL,IN_REVIEWS,None
heartmar,T07D10,INDIVIDUAL,FAILED,0
heatsaad,T07D10,INDIVIDUAL,FAILED,0
hellatod,T07D10,INDIVIDUAL,FAILED,0
hesterwi,T07D10,INDIVIDUAL,FAILED,0
hoagsmil,T07D10,INDIVIDUAL,ACCEPTED,80
horsebyr,T07D10,INDIVIDUAL,FAILED,0
imogenef,T07D10,INDIVIDUAL,FAILED,0
jafercla,T07D10,INDIVIDUAL,FAILED,0
jazminja,T07D10,INDIVIDUAL,FAILED,0
jenellma,T07D10,INDIVIDUAL,FAILED,0
jessiagi,T07D10,INDIVIDUAL,IN_REVIEWS,None
jommyjul,T07D10,INDIVIDUAL,FAILED,0
jorelleb,T07D10,INDIVIDUAL,IN_REVIEWS,None
jorkinsb,T07D10,INDIVIDUAL,FAILED,0
josethce,T07D10,INDIVIDUAL,FAILED,0
juniperr,T07D10,INDIVIDUAL,FAILED,0
jynxbark,T07D10,INDIVIDUAL,IN_REVIEWS,None
kasifund,T07D10,INDIVIDUAL,IN_REVIEWS,None
kellenar,T07D10,INDIVIDUAL,FAILED,0
kelleyad,T07D10,INDIVIDUAL,FAILED,0
keshahac,T07D10,INDIVIDUAL,FAILED,0
knightjo,T07D10,INDIVIDUAL,FAILED,0
kodospic,T07D10,INDIVIDUAL,FAILED,0
konnosee,T07D10,INDIVIDUAL,FAILED,0
koolwend,T07D10,INDIVIDUAL,IN_REVIEWS,None
lannamaf,T07D10,INDIVIDUAL,FAILED,0
laylacri,T07D10,INDIVIDUAL,IN_REVIEWS,None
leaderch,T07D10,INDIVIDUAL,ACCEPTED,71
lettiear,T07D10,INDIVIDUAL,FAILED,0
linneaal,T07D10,INDIVIDUAL,FAILED,0
logginsp,T07D10,INDIVIDUAL,IN_REVIEWS,None
loiselon,T07D10,INDIVIDUAL,IN_REVIEWS,None
lonnieov,T07D10,INDIVIDUAL,ACCEPTED,32
lymondes,T07D10,INDIVIDUAL,FAILED,0
machoked,T07D10,INDIVIDUAL,FAILED,0
madamkat,T07D10,INDIVIDUAL,FAILED,0
madisonb,T07D10,INDIVIDUAL,FAILED,0
magicjil,T07D10,INDIVIDUAL,FAILED,0
malborda,T07D10,INDIVIDUAL,IN_REVIEWS,None
malikaph,T07D10,INDIVIDUAL,FAILED,0
margotla,T07D10,INDIVIDUAL,FAILED,0
mariamfi,T07D10,INDIVIDUAL,IN_REVIEWS,None
marlyste,T07D10,INDIVIDUAL,FAILED,0
marthado,T07D10,INDIVIDUAL,FAILED,0
maxineme,T07D10,INDIVIDUAL,FAILED,0
meciumol,T07D10,INDIVIDUAL,IN_REVIEWS,None
melwysso,T07D10,INDIVIDUAL,FAILED,0
merylang,T07D10,INDIVIDUAL,FAILED,0
molinale,T07D10,INDIVIDUAL,FAILED,0
mortyath,T07D10,INDIVIDUAL,FAILED,0
mycahpap,T07D10,INDIVIDUAL,IN_REVIEWS,None
myrticeh,T07D10,INDIVIDUAL,IN_REVIEWS,None
nailearl,T07D10,INDIVIDUAL,FAILED,0
naklozch,T07D10,INDIVIDUAL,FAILED,0
namifred,T07D10,INDIVIDUAL,FAILED,0
neidanea,T07D10,INDIVIDUAL,FAILED,0
nelsonke,T07D10,INDIVIDUAL,FAILED,0
nigeltys,T07D10,INDIVIDUAL,IN_REVIEWS,None
nikilega,T07D10,INDIVIDUAL,IN_REVIEWS,None
nineyuon,T07D10,INDIVIDUAL,FAILED,0
nollabet,T07D10,INDIVIDUAL,FAILED,0
nullifyp,T07D10,INDIVIDUAL,FAILED,0
ollygena,T07D10,INDIVIDUAL,FAILED,0
organbor,T07D10,INDIVIDUAL,FAILED,0
orgnarda,T07D10,INDIVIDUAL,FAILED,0
patchesa,T07D10,INDIVIDUAL,FAILED,0
peaketar,T07D10,INDIVIDUAL,IN_REVIEWS,None
phylisfe,T07D10,INDIVIDUAL,IN_REVIEWS,None
poisonca,T07D10,INDIVIDUAL,FAILED,0
prakflat,T07D10,INDIVIDUAL,FAILED,0
premierm,T07D10,INDIVIDUAL,FAILED,0
profitth,T07D10,INDIVIDUAL,FAILED,0
programv,T07D10,INDIVIDUAL,FAILED,0
reneeros,T07D10,INDIVIDUAL,FAILED,0
roonepen,T07D10,INDIVIDUAL,FAILED,0
roperlar,T07D10,INDIVIDUAL,IN_REVIEWS,None
rosalvae,T07D10,INDIVIDUAL,FAILED,0
roselleh,T07D10,INDIVIDUAL,FAILED,0
runcelca,T07D10,INDIVIDUAL,IN_REVIEWS,None
ryellaca,T07D10,INDIVIDUAL,FAILED,0
sarramer,T07D10,INDIVIDUAL,FAILED,0
sherylka,T07D10,INDIVIDUAL,FAILED,0
shubques,T07D10,INDIVIDUAL,FAILED,0
slyviaeg,T07D10,INDIVIDUAL,FAILED,0
spectrab,T07D10,INDIVIDUAL,ACCEPTED,78
strangen,T07D10,INDIVIDUAL,FAILED,0
sudiecur,T07D10,INDIVIDUAL,FAILED,0
tabethau,T07D10,INDIVIDUAL,FAILED,0
talljigs,T07D10,INDIVIDUAL,FAILED,0
tanajean,T07D10,INDIVIDUAL,IN_REVIEWS,None
tarijoan,T07D10,INDIVIDUAL,IN_REVIEWS,None
teenaash,T07D10,INDIVIDUAL,FAILED,0
theaunit,T07D10,INDIVIDUAL,FAILED,0
tominell,T07D10,INDIVIDUAL,IN_REVIEWS,None
treborge,T07D10,INDIVIDUAL,FAILED,0
trinhmil,T07D10,INDIVIDUAL,IN_REVIEWS,None
troyryan,T07D10,INDIVIDUAL,FAILED,0
tumcogol,T07D10,INDIVIDUAL,IN_REVIEWS,None
unellary,T07D10,INDIVIDUAL,IN_REVIEWS,None
vanillas,T07D10,INDIVIDUAL,IN_REVIEWS,None
veganwar,T07D10,INDIVIDUAL,FAILED,0
vivianah,T07D10,INDIVIDUAL,FAILED,0
walderfe,T07D10,INDIVIDUAL,FAILED,0
wallacec,T07D10,INDIVIDUAL,FAILED,0
wothstin,T07D10,INDIVIDUAL,FAILED,0
wynndoro,T07D10,INDIVIDUAL,IN_REVIEWS,None
zamasupu,T07D10,INDIVIDUAL,FAILED,0
adahvect,T07D10,INDIVIDUAL,IN_REVIEWS,None
albarthr,T07D10,INDIVIDUAL,FAILED,0
aldenmar,T07D10,INDIVIDUAL,FAILED,0
aleclake,T07D10,INDIVIDUAL,FAILED,0
allisern,T07D10,INDIVIDUAL,FAILED,16
amumusat,T07D10,INDIVIDUAL,FAILED,0
ardathhe,T07D10,INDIVIDUAL,FAILED,0
ariellev,T07D10,INDIVIDUAL,IN_REVIEWS,None
arneldsu,T07D10,INDIVIDUAL,FAILED,0
arronwil,T07D10,INDIVIDUAL,FAILED,0
ashfordj,T07D10,INDIVIDUAL,FAILED,0
atriuswi,T07D10,INDIVIDUAL,FAILED,0
banhmart,T07D10,INDIVIDUAL,ACCEPTED,91
barbreyv,T07D10,INDIVIDUAL,IN_REVIEWS,None
barrcraw,T07D10,INDIVIDUAL,FAILED,0
bladeken,T07D10,INDIVIDUAL,FAILED,0
bluesqui,T07D10,INDIVIDUAL,IN_REVIEWS,None
botanvap,T07D10,INDIVIDUAL,IN_REVIEWS,None
bowenemm,T07D10,INDIVIDUAL,ACCEPTED,87
boydapri,T07D10,INDIVIDUAL,FAILED,0
brynncet,T07D10,INDIVIDUAL,IN_REVIEWS,None
brynnrub,T07D10,INDIVIDUAL,IN_REVIEWS,None
bulahumb,T07D10,INDIVIDUAL,FAILED,0
burchgre,T07D10,INDIVIDUAL,FAILED,0
carliete,T07D10,INDIVIDUAL,IN_REVIEWS,None
carlpage,T07D10,INDIVIDUAL,IN_REVIEWS,None
castorch,T07D10,INDIVIDUAL,IN_REVIEWS,None
cattermy,T07D10,INDIVIDUAL,IN_REVIEWS,None
cheryllg,T07D10,INDIVIDUAL,IN_REVIEWS,None
chromoss,T07D10,INDIVIDUAL,FAILED,0
cicelyaa,T07D10,INDIVIDUAL,IN_REVIEWS,None
cletushi,T07D10,INDIVIDUAL,FAILED,0
colemonj,T07D10,INDIVIDUAL,IN_REVIEWS,None
coonzulm,T07D10,INDIVIDUAL,IN_REVIEWS,None
crissyfo,T07D10,INDIVIDUAL,IN_REVIEWS,None
czechcay,T07D10,INDIVIDUAL,FAILED,0
danniela,T07D10,INDIVIDUAL,IN_REVIEWS,None
daphnejo,T07D10,INDIVIDUAL,IN_REVIEWS,None
darceyco,T07D10,INDIVIDUAL,FAILED,0
darthhil,T07D10,INDIVIDUAL,FAILED,0
delmybru,T07D10,INDIVIDUAL,IN_REVIEWS,None
dusktawa,T07D10,INDIVIDUAL,FAILED,0
eccentrg,T07D10,INDIVIDUAL,FAILED,0
eddarach,T07D10,INDIVIDUAL,FAILED,0
eggsfenn,T07D10,INDIVIDUAL,FAILED,0
eladiaam,T07D10,INDIVIDUAL,IN_REVIEWS,None
elektraw,T07D10,INDIVIDUAL,FAILED,0
ellishen,T07D10,INDIVIDUAL,FAILED,0
ernestlu,T07D10,INDIVIDUAL,FAILED,0
evonchri,T07D10,INDIVIDUAL,FAILED,0
fawnlexi,T07D10,INDIVIDUAL,IN_REVIEWS,None
fenrirre,T07D10,INDIVIDUAL,FAILED,0
finnlick,T07D10,INDIVIDUAL,FAILED,0
flatdill,T07D10,INDIVIDUAL,FAILED,0
fluffyla,T07D10,INDIVIDUAL,FAILED,0
forelhas,T07D10,INDIVIDUAL,FAILED,0
fowlerqu,T07D10,INDIVIDUAL,IN_REVIEWS,None
freegano,T07D10,INDIVIDUAL,FAILED,0
freidacl,T07D10,INDIVIDUAL,FAILED,0
frisbeee,T07D10,INDIVIDUAL,FAILED,0
furtivde,T07D10,INDIVIDUAL,FAILED,0
fusesall,T07D10,INDIVIDUAL,FAILED,0
futurete,T07D10,INDIVIDUAL,FAILED,0
gatorlai,T07D10,INDIVIDUAL,FAILED,0
gerriurt,T07D10,INDIVIDUAL,IN_REVIEWS,None
ghostast,T07D10,INDIVIDUAL,IN_REVIEWS,None
glossuju,T07D10,INDIVIDUAL,FAILED,0
goldasha,T07D10,INDIVIDUAL,FAILED,0
halliemi,T07D10,INDIVIDUAL,FAILED,0
hardyter,T07D10,INDIVIDUAL,FAILED,0
harmundl,T07D10,INDIVIDUAL,IN_REVIEWS,None
hideousk,T07D10,INDIVIDUAL,FAILED,0
hisakoin,T07D10,INDIVIDUAL,FAILED,0
hugortim,T07D10,INDIVIDUAL,FAILED,0
hullenla,T07D10,INDIVIDUAL,FAILED,0
icarussu,T07D10,INDIVIDUAL,FAILED,0
idellket,T07D10,INDIVIDUAL,IN_REVIEWS,None
ivernray,T07D10,INDIVIDUAL,FAILED,0
jameebar,T07D10,INDIVIDUAL,IN_REVIEWS,None
jammieas,T07D10,INDIVIDUAL,FAILED,0
jarvisel,T07D10,INDIVIDUAL,FAILED,0
javierdo,T07D10,INDIVIDUAL,FAILED,0
jaynepik,T07D10,INDIVIDUAL,FAILED,0
jennican,T07D10,INDIVIDUAL,IN_REVIEWS,None
jericado,T07D10,INDIVIDUAL,IN_REVIEWS,None
jinndomi,T07D10,INDIVIDUAL,FAILED,0
joeannou,T07D10,INDIVIDUAL,FAILED,0
jonahkar,T07D10,INDIVIDUAL,FAILED,0
joserana,T07D10,INDIVIDUAL,IN_REVIEWS,None
kacicare,T07D10,INDIVIDUAL,FAILED,0
kieshaco,T07D10,INDIVIDUAL,IN_REVIEWS,None
kirstinn,T07D10,INDIVIDUAL,FAILED,0
kishamar,T07D10,INDIVIDUAL,IN_REVIEWS,None
kraiggil,T07D10,INDIVIDUAL,IN_REVIEWS,None
kristaba,T07D10,INDIVIDUAL,IN_REVIEWS,None
krumarli,T07D10,INDIVIDUAL,FAILED,0
lasshild,T07D10,INDIVIDUAL,FAILED,0
leenaeli,T07D10,INDIVIDUAL,IN_REVIEWS,None
levelpre,T07D10,INDIVIDUAL,IN_REVIEWS,None
leygoodd,T07D10,INDIVIDUAL,FAILED,0
lidapryo,T07D10,INDIVIDUAL,FAILED,0
lilliams,T07D10,INDIVIDUAL,IN_REVIEWS,None
lingtemp,T07D10,INDIVIDUAL,IN_REVIEWS,None
lophandn,T07D10,INDIVIDUAL,IN_REVIEWS,None
lottfred,T07D10,INDIVIDUAL,FAILED,0
loycemuc,T07D10,INDIVIDUAL,IN_REVIEWS,None
malloryc,T07D10,INDIVIDUAL,IN_REVIEWS,None
marisell,T07D10,INDIVIDUAL,FAILED,0
marlynto,T07D10,INDIVIDUAL,IN_REVIEWS,None
marthaqu,T07D10,INDIVIDUAL,IN_REVIEWS,None
matthewb,T07D10,INDIVIDUAL,FAILED,0
meterpla,T07D10,INDIVIDUAL,FAILED,0
michelez,T07D10,INDIVIDUAL,FAILED,0
migasbod,T07D10,INDIVIDUAL,FAILED,0
minedran,T07D10,INDIVIDUAL,FAILED,0
molochmy,T07D10,INDIVIDUAL,FAILED,0
mugglesk,T07D10,INDIVIDUAL,FAILED,0
murkybea,T07D10,INDIVIDUAL,FAILED,0
ninonanc,T07D10,INDIVIDUAL,IN_REVIEWS,None
noeliagy,T07D10,INDIVIDUAL,IN_REVIEWS,None
normawon,T07D10,INDIVIDUAL,FAILED,0
novercra,T07D10,INDIVIDUAL,IN_REVIEWS,None
olympewi,T07D10,INDIVIDUAL,FAILED,0
onionslo,T07D10,INDIVIDUAL,IN_REVIEWS,None
owendidi,T07D10,INDIVIDUAL,FAILED,0
patchesh,T07D10,INDIVIDUAL,FAILED,0
pendantp,T07D10,INDIVIDUAL,FAILED,0
phuongwa,T07D10,INDIVIDUAL,FAILED,0
rambtoco,T07D10,INDIVIDUAL,FAILED,0
rammussc,T07D10,INDIVIDUAL,IN_REVIEWS,None
raulcrus,T07D10,INDIVIDUAL,IN_REVIEWS,None
rebaavri,T07D10,INDIVIDUAL,IN_REVIEWS,None
redfishe,T07D10,INDIVIDUAL,IN_REVIEWS,None
rethashe,T07D10,INDIVIDUAL,FAILED,0
rignesap,T07D10,INDIVIDUAL,ACCEPTED,82
rikkilam,T07D10,INDIVIDUAL,FAILED,0
rogelios,T07D10,INDIVIDUAL,FAILED,0
rolleyva,T07D10,INDIVIDUAL,IN_REVIEWS,None
romildav,T07D10,INDIVIDUAL,FAILED,0
rudolfsa,T07D10,INDIVIDUAL,FAILED,0
rustyilo,T07D10,INDIVIDUAL,IN_REVIEWS,None
sarumanj,T07D10,INDIVIDUAL,IN_REVIEWS,None
scheinwe,T07D10,INDIVIDUAL,IN_REVIEWS,None
serinaqu,T07D10,INDIVIDUAL,ACCEPTED,66
sherritt,T07D10,INDIVIDUAL,FAILED,0
shireenb,T07D10,INDIVIDUAL,FAILED,0
shoreluc,T07D10,INDIVIDUAL,FAILED,0
sigrinla,T07D10,INDIVIDUAL,FAILED,0
smedleya,T07D10,INDIVIDUAL,IN_REVIEWS,None
solonman,T07D10,INDIVIDUAL,FAILED,0
spockyat,T07D10,INDIVIDUAL,FAILED,0
starmieb,T07D10,INDIVIDUAL,IN_REVIEWS,None
steelbut,T07D10,INDIVIDUAL,FAILED,0
stefanfr,T07D10,INDIVIDUAL,IN_REVIEWS,None
stevronk,T07D10,INDIVIDUAL,FAILED,0
stygianw,T07D10,INDIVIDUAL,FAILED,0
szeskiel,T07D10,INDIVIDUAL,FAILED,0
tameikag,T07D10,INDIVIDUAL,FAILED,0
tamekama,T07D10,INDIVIDUAL,FAILED,0
tandrash,T07D10,INDIVIDUAL,FAILED,0
tonyafla,T07D10,INDIVIDUAL,FAILED,0
tregarva,T07D10,INDIVIDUAL,FAILED,0
tuckermi,T07D10,INDIVIDUAL,FAILED,0
tylandfa,T07D10,INDIVIDUAL,IN_REVIEWS,None
tylergir,T07D10,INDIVIDUAL,ACCEPTED,64
tyrandes,T07D10,INDIVIDUAL,FAILED,0
ukelelew,T07D10,INDIVIDUAL,FAILED,0
ulrikebu,T07D10,INDIVIDUAL,FAILED,0
viksuldu,T07D10,INDIVIDUAL,FAILED,0
vilkasro,T07D10,INDIVIDUAL,IN_REVIEWS,None
virginpr,T07D10,INDIVIDUAL,FAILED,0
woodyriv,T07D10,INDIVIDUAL,IN_REVIEWS,None
wymandae,T07D10,INDIVIDUAL,IN_REVIEWS,None
zekkobos,T07D10,INDIVIDUAL,FAILED,0
zizekgen,T07D10,INDIVIDUAL,IN_REVIEWS,None
